0.11964821815490723,0.06531739234924316,0.004999876022338867,0.15177536010742188
0.10823798179626465,0.00899958610534668,0.0030007362365722656,0.06208038330078125
0.11457395553588867,0.08728861808776855,0.006996870040893555,0.16117143630981445
0.10208773612976074,0.09385967254638672,0.006996631622314453,0.17019987106323242
0.10751605033874512,0.03850722312927246,0.005005598068237305,0.1458268165588379
0.07060360908508301,0.14503121376037598,0.016998767852783203,0.17635130882263184
0.021463632583618164,0.12390828132629395,0.012005090713500977,0.16831755638122559
0.11390209197998047,0.06012153625488281,0.0078105926513671875,0.16158556938171387
0.13330984115600586,0.023584842681884766,0.0050122737884521484,0.123748779296875
0.14635109901428223,0.07893037796020508,0.0069882869720458984,0.15520381927490234
0.029728412628173828,0.03337383270263672,0.005000114440917969,0.13366270065307617
0.14447879791259766,0.0019998550415039062,0.0009999275207519531,0.03300023078918457
0.009368896484375,0.003012418746948242,0.003000497817993164,0.04503035545349121
0.017515182495117188,0.048807382583618164,0.011377573013305664,0.15527796745300293
0.008514881134033203,0.15337371826171875,0.01606297492980957,0.18914389610290527
0.12734723091125488,0.14075851440429688,0.0120849609375,0.18495607376098633
0.11572504043579102,0.11477208137512207,0.012562274932861328,0.16125226020812988
0.012017011642456055,0.06340503692626953,0.007997274398803711,0.15776586532592773
0.1543283462524414,0.12013983726501465,0.009241580963134766,0.17162609100341797
0.14391732215881348,0.021871566772460938,0.0036242008209228516,0.11449289321899414
0.026510238647460938,0.1278848648071289,0.012528657913208008,0.18085050582885742
0.07755637168884277,0.004005908966064453,0.0019998550415039062,0.05475735664367676
0.14449191093444824,0.0035080909729003906,0.0019996166229248047,0.044714927673339844
0.10265302658081055,0.006000041961669922,0.003000020980834961,0.05851173400878906
0.006005525588989258,0.09981656074523926,0.010000467300415039,0.17375826835632324
0.10407257080078125,0.06251788139343262,0.006000041961669922,0.14564013481140137
0.07398104667663574,0.09816765785217285,0.008652687072753906,0.16967296600341797
0.0010001659393310547,0.0026323795318603516,0.0010051727294921875,0.0404360294342041
0.09034276008605957,0.017999649047851562,0.003000974655151367,0.09184026718139648
0.017368555068969727,0.042487144470214844,0.005011320114135742,0.1392667293548584
0.0357365608215332,0.13645696640014648,0.016511917114257812,0.17218613624572754
0.023739099502563477,0.1546192169189453,0.01587057113647461,0.2018289566040039
0.14758849143981934,0.016005992889404297,0.0029997825622558594,0.09595561027526855
0.10347843170166016,0.057520389556884766,0.0049991607666015625,0.14490580558776855
0.037132978439331055,0.0009999275207519531,0.0019998550415039062,0.029000043869018555
0.040349483489990234,0.14653897285461426,0.015168428421020508,0.1815636157989502
0.048999786376953125,0.09824228286743164,0.010004758834838867,0.1577000617980957
0.10060620307922363,0.07051873207092285,0.006685495376586914,0.16733860969543457
0.13972997665405273,0.1433112621307373,0.012024164199829102,0.19142723083496094
0.04753899574279785,0.1377861499786377,0.01624011993408203,0.19161653518676758
0.09681153297424316,0.012902498245239258,0.0033714771270751953,0.09556007385253906
0.15369248390197754,0.001999378204345703,0.002000093460083008,0.03575563430786133
0.015999555587768555,0.09437990188598633,0.01200246810913086,0.1890275478363037
0.035451650619506836,0.04200387001037598,0.00500178337097168,0.14966249465942383
0.1431436538696289,0.10908007621765137,0.008512496948242188,0.1664876937866211
0.11614394187927246,0.03809976577758789,0.006772279739379883,0.14527583122253418
0.13283801078796387,0.07805418968200684,0.004999637603759766,0.15861034393310547
0.055467844009399414,0.10859823226928711,0.013993978500366211,0.16548418998718262
0.004999876022338867,0.16499090194702148,0.014648675918579102,0.210707426071167
0.07607865333557129,0.055510759353637695,0.0069997310638427734,0.1536710262298584
0.002996683120727539,0.09151101112365723,0.007000446319580078,0.1688528060913086
0.06400227546691895,0.12101912498474121,0.012000083923339844,0.18102502822875977
0.15157103538513184,0.11360621452331543,0.013000011444091797,0.18442249298095703
0.013842105865478516,0.023999691009521484,0.004004716873168945,0.11502695083618164
0.03383350372314453,0.02115941047668457,0.0019998550415039062,0.10634183883666992
0.07328462600708008,0.07105779647827148,0.009071826934814453,0.16557598114013672
0.011528730392456055,0.08543062210083008,0.009069681167602539,0.16608166694641113
0.09402894973754883,0.03800559043884277,0.004000186920166016,0.13621926307678223
0.0019998550415039062,0.009000062942504883,0.003244161605834961,0.07006216049194336
0.12081313133239746,0.13524079322814941,0.014003276824951172,0.17612099647521973
0.025628089904785156,0.015510797500610352,0.003999948501586914,0.10256576538085938
0.031033039093017578,0.04745912551879883,0.00599980354309082,0.1340317726135254
0.00400090217590332,0.03439831733703613,0.00400543212890625,0.12484407424926758
0.14078450202941895,0.1326615810394287,0.014972925186157227,0.17703557014465332
0.11649918556213379,0.14340662956237793,0.014000654220581055,0.19599676132202148
0.002000093460083008,0.11732196807861328,0.010509967803955078,0.17275118827819824
0.04946732521057129,0.03815889358520508,0.006006002426147461,0.14985370635986328
0.10202765464782715,0.051692962646484375,0.004999876022338867,0.1467735767364502
0.028936147689819336,0.13682889938354492,0.017108440399169922,0.1734306812286377
0.10019564628601074,0.07009577751159668,0.009000062942504883,0.15376043319702148
0.009497404098510742,0.09641718864440918,0.011005878448486328,0.1988372802734375
0.08850812911987305,0.14871549606323242,0.01651763916015625,0.17870593070983887
0.13034439086914062,0.11266183853149414,0.01000666618347168,0.17727136611938477
0.06557750701904297,0.08508634567260742,0.006901741027832031,0.16733503341674805
0.06810665130615234,0.04345536231994629,0.004838466644287109,0.14188218116760254
0.07140660285949707,0.15299129486083984,0.016513586044311523,0.184295654296875
0.003207683563232422,0.03474783897399902,0.004998683929443359,0.11958813667297363
0.14522051811218262,0.009510278701782227,0.003000020980834961,0.07331180572509766
0.012135505676269531,0.10395622253417969,0.011004924774169922,0.1836857795715332
0.012000560760498047,0.0767660140991211,0.009099960327148438,0.15892744064331055
0.07030439376831055,0.07605361938476562,0.009999513626098633,0.16599655151367188
0.10191130638122559,0.14993596076965332,0.016582012176513672,0.18271851539611816
0.1530771255493164,0.06670498847961426,0.008510351181030273,0.16516566276550293
0.017507076263427734,0.06699991226196289,0.006000518798828125,0.16243600845336914
0.0030014514923095703,0.12973546981811523,0.012027740478515625,0.19638752937316895
0.08820176124572754,0.1355900764465332,0.01691126823425293,0.19443607330322266
0.13280773162841797,0.11132955551147461,0.010716915130615234,0.17212343215942383
0.018787384033203125,0.021143674850463867,0.004503011703491211,0.11351370811462402
0.14560604095458984,0.00099945068359375,0.0019998550415039062,0.029999971389770508
0.0009999275207519531,0.08497476577758789,0.009006977081298828,0.17711806297302246
0.011006832122802734,0.1387324333190918,0.016329526901245117,0.1877272129058838
0.06832504272460938,0.1394193172454834,0.013655662536621094,0.18769264221191406
0.015000581741333008,0.008508682250976562,0.002999544143676758,0.08400392532348633
0.012746572494506836,0.1531977653503418,0.014569520950317383,0.2037351131439209
0.008999824523925781,0.046143293380737305,0.006184101104736328,0.14113759994506836
0.04660820960998535,0.08225321769714355,0.006531476974487305,0.17058849334716797
0.0019998550415039062,0.009006261825561523,0.0030002593994140625,0.07526421546936035
0.004000186920166016,0.08326435089111328,0.008575677871704102,0.1760387420654297
0.12991929054260254,0.004893064498901367,0.004092693328857422,0.06312298774719238
0.024597644805908203,0.13226580619812012,0.012587308883666992,0.1706395149230957
0.032128334045410156,0.1419203281402588,0.014000654220581055,0.1764392852783203
0.014213800430297852,0.08476972579956055,0.00853109359741211,0.17053890228271484
0.0669245719909668,0.013505220413208008,0.003014087677001953,0.09208893775939941
0.051000356674194336,0.0050051212310791016,0.002000093460083008,0.05203390121459961
0.058329105377197266,0.09156012535095215,0.010999679565429688,0.15846610069274902
0.011996269226074219,0.14674019813537598,0.01671743392944336,0.19078350067138672
0.043611764907836914,0.1083991527557373,0.011999845504760742,0.18403053283691406
0.0966956615447998,0.037996768951416016,0.006000041961669922,0.14247679710388184
0.11878490447998047,0.08573722839355469,0.009299993515014648,0.18132519721984863
0.15300631523132324,0.004004001617431641,0.002525806427001953,0.04960203170776367
0.017002344131469727,0.03558087348937988,0.004618644714355469,0.12260842323303223
0.0549159049987793,0.14308381080627441,0.015542984008789062,0.1693553924560547
0.0,0.0010066032409667969,0.0015103816986083984,0.0030059814453125
0.029999971389770508,0.1253507137298584,0.014549970626831055,0.19071412086486816
0.00885319709777832,0.011005401611328125,0.0036678314208984375,0.07941007614135742
0.09753274917602539,0.020580053329467773,0.003730297088623047,0.09957385063171387
0.04034829139709473,0.08386015892028809,0.009999990463256836,0.1698930263519287
0.15082359313964844,0.01699972152709961,0.003999471664428711,0.09331941604614258
0.13855910301208496,0.06400036811828613,0.0069997310638427734,0.16016840934753418
0.0009999275207519531,0.002001047134399414,0.001999378204345703,0.037825584411621094
0.08954882621765137,0.10824036598205566,0.010000228881835938,0.16421198844909668
0.008999824523925781,0.02403998374938965,0.0039997100830078125,0.1117100715637207
0.0025098323822021484,0.053517818450927734,0.0070002079010009766,0.14507341384887695
0.006145954132080078,0.014164924621582031,0.0040111541748046875,0.09006714820861816
0.07709813117980957,0.15409207344055176,0.015015602111816406,0.18834638595581055
0.10710692405700684,0.011966228485107422,0.0019996166229248047,0.07924604415893555
0.04703712463378906,0.13575434684753418,0.011188983917236328,0.19610929489135742
0.025252342224121094,0.18109965324401855,0.01336979866027832,0.17451715469360352
0.14855074882507324,0.008999824523925781,0.003000020980834961,0.0734548568725586
0.1299426555633545,0.1469733715057373,0.01604485511779785,0.17867708206176758
0.02702021598815918,0.09633827209472656,0.009000062942504883,0.17534875869750977
0.04434990882873535,0.11830997467041016,0.009999513626098633,0.17821717262268066
0.025758981704711914,0.15519142150878906,0.01650214195251465,0.1885054111480713
0.08169817924499512,0.08407330513000488,0.010560989379882812,0.16433382034301758
0.11788678169250488,0.003000020980834961,0.0010001659393310547,0.03873610496520996
0.0020079612731933594,0.01015782356262207,0.004039287567138672,0.07958865165710449
0.0015749931335449219,0.14652228355407715,0.009712696075439453,0.18543243408203125
0.14365577697753906,0.03494715690612793,0.005745649337768555,0.1269547939300537
0.06834816932678223,0.04238128662109375,0.0060007572174072266,0.14604902267456055
0.06864309310913086,0.028189659118652344,0.004723072052001953,0.12627053260803223
0.03706550598144531,0.1456456184387207,0.012195110321044922,0.1935265064239502
0.12055659294128418,0.058153629302978516,0.008097648620605469,0.14196252822875977
0.10536742210388184,0.02284407615661621,0.0039997100830078125,0.13016724586486816
0.14047622680664062,0.052399396896362305,0.0069353580474853516,0.15515875816345215
0.07619619369506836,0.05909466743469238,0.007999181747436523,0.1516551971435547
0.06092262268066406,0.05473518371582031,0.008200407028198242,0.15539240837097168
0.020513057708740234,0.022958040237426758,0.004999876022338867,0.11264705657958984
0.06325769424438477,0.014778375625610352,0.005423784255981445,0.09903526306152344
0.08408236503601074,0.12055516242980957,0.014073371887207031,0.18946242332458496
0.071746826171875,0.01711249351501465,0.003001689910888672,0.09222888946533203
0.12231063842773438,0.16458582878112793,0.015928030014038086,0.18359875679016113
0.016199350357055664,0.0,0.0009999275207519531,0.004329204559326172
0.025207996368408203,0.10743999481201172,0.01495361328125,0.20709872245788574
0.07222342491149902,0.13337063789367676,0.01487588882446289,0.17782950401306152
0.07430267333984375,0.04300498962402344,0.0065152645111083984,0.14310741424560547
0.0626218318939209,0.09700512886047363,0.010610103607177734,0.17850708961486816
0.03948712348937988,0.01281881332397461,0.0029997825622558594,0.08488345146179199
0.016526460647583008,0.003000497817993164,0.0019998550415039062,0.04202747344970703
0.10735011100769043,0.11249327659606934,0.010486125946044922,0.18958091735839844
0.010193109512329102,0.04822349548339844,0.006005287170410156,0.15873503684997559
0.004000186920166016,0.07215762138366699,0.008054733276367188,0.18413209915161133
0.14009618759155273,0.077545166015625,0.007999181747436523,0.16605544090270996
0.15361547470092773,0.13775181770324707,0.016046762466430664,0.19301056861877441
0.0,0.008462190628051758,0.003049135208129883,0.07909345626831055
0.057387590408325195,0.08870196342468262,0.010175704956054688,0.16524457931518555
0.12412214279174805,0.004511356353759766,0.002000093460083008,0.0490422248840332
0.11288022994995117,0.10961055755615234,0.012539386749267578,0.17468738555908203
0.0901181697845459,0.051030635833740234,0.006000041961669922,0.14999771118164062
0.06962800025939941,0.12961483001708984,0.010004281997680664,0.19282221794128418
0.1212010383605957,0.048999786376953125,0.006000518798828125,0.13902878761291504
0.12899184226989746,0.08253955841064453,0.006999969482421875,0.17170977592468262
0.026941299438476562,0.10588598251342773,0.015165328979492188,0.23602604866027832
0.03528404235839844,0.0395197868347168,0.005999088287353516,0.13931989669799805
0.017000198364257812,0.001001596450805664,0.0025594234466552734,0.029130220413208008
0.003999233245849609,0.03115248680114746,0.003999948501586914,0.12583041191101074
0.15014338493347168,0.1433274745941162,0.01578688621520996,0.17977595329284668
0.03080892562866211,0.03770303726196289,0.003999948501586914,0.1291368007659912
0.054025888442993164,0.0985255241394043,0.012383222579956055,0.205643892288208
0.13678836822509766,0.1212160587310791,0.01100015640258789,0.17159104347229004
0.10099124908447266,0.14174699783325195,0.01740741729736328,0.1722118854522705
0.006005525588989258,0.059133291244506836,0.006999969482421875,0.14819979667663574
0.026103496551513672,0.11487507820129395,0.010112762451171875,0.19345593452453613
0.06310558319091797,0.01900005340576172,0.005000591278076172,0.10752177238464355
0.1332716941833496,0.003509998321533203,0.002000093460083008,0.041599273681640625
0.1523587703704834,0.0032567977905273438,0.0025119781494140625,0.04409074783325195
0.09708690643310547,0.028557777404785156,0.003482341766357422,0.11331892013549805
0.10350179672241211,0.08038115501403809,0.00800013542175293,0.1626126766204834
0.0,0.02803492546081543,0.004999637603759766,0.11963534355163574
0.03245902061462402,0.14315009117126465,0.013557672500610352,0.1851966381072998
0.08896064758300781,0.03752470016479492,0.005000114440917969,0.12968206405639648
0.03551363945007324,0.15293645858764648,0.017516613006591797,0.18652915954589844
0.005006074905395508,0.010000228881835938,0.003000974655151367,0.08451390266418457
0.03299665451049805,0.0665130615234375,0.009000539779663086,0.15843892097473145
0.08526873588562012,0.12563037872314453,0.012000083923339844,0.18173980712890625
0.024518966674804688,0.03707122802734375,0.005999326705932617,0.1395862102508545
0.0010061264038085938,0.010548591613769531,0.0030002593994140625,0.07965207099914551
0.13509798049926758,0.06736946105957031,0.0066394805908203125,0.16457748413085938
0.0826106071472168,0.02334284782409668,0.005403041839599609,0.10863852500915527
0.013901233673095703,0.0009999275207519531,0.0009999275207519531,0.022565126419067383
0.06762051582336426,0.07955718040466309,0.009006261825561523,0.17982149124145508
0.0029997825622558594,0.049818992614746094,0.006000041961669922,0.14946794509887695
0.14449429512023926,0.08826661109924316,0.007562160491943359,0.15943288803100586
0.0010190010070800781,0.005057573318481445,0.0029985904693603516,0.06299757957458496
0.05904698371887207,0.07727766036987305,0.007469654083251953,0.16974544525146484
0.061719655990600586,0.11059045791625977,0.009029865264892578,0.1754441261291504
0.13336658477783203,0.05429530143737793,0.0069997310638427734,0.15061306953430176
0.10033106803894043,0.16379404067993164,0.018406391143798828,0.1763312816619873
0.07220101356506348,0.049427032470703125,0.006000041961669922,0.14861130714416504
0.0164034366607666,0.15724921226501465,0.01700139045715332,0.18556928634643555
0.13166546821594238,0.014121055603027344,0.0039997100830078125,0.09684419631958008
0.022542238235473633,0.06440234184265137,0.0070037841796875,0.1661546230316162
0.025130510330200195,0.02800583839416504,0.004999876022338867,0.11819672584533691
0.15861248970031738,0.0867464542388916,0.009001731872558594,0.18222951889038086
0.14582180976867676,0.0989680290222168,0.009999513626098633,0.19327044486999512
0.1583118438720703,0.03767251968383789,0.006000041961669922,0.13906049728393555
0.06207847595214844,0.1455535888671875,0.015575885772705078,0.20966696739196777
0.01900005340576172,0.05300331115722656,0.00651097297668457,0.16051316261291504
0.002001047134399414,0.08816981315612793,0.011427164077758789,0.1761474609375
0.0569305419921875,0.1294541358947754,0.014982938766479492,0.2076127529144287
0.1645221710205078,0.0060007572174072266,0.002997875213623047,0.05058884620666504
0.0029997825622558594,0.13927197456359863,0.014005422592163086,0.17984747886657715
0.002001523971557617,0.005503654479980469,0.0025110244750976562,0.06000876426696777
0.017999649047851562,0.039511919021606445,0.0050048828125,0.12382149696350098
0.0010001659393310547,0.01019906997680664,0.004000186920166016,0.07456302642822266
0.06251192092895508,0.02877330780029297,0.0039997100830078125,0.11881899833679199
0.08345699310302734,0.12789344787597656,0.010999917984008789,0.19014930725097656
0.1035463809967041,0.06800007820129395,0.007007598876953125,0.15620970726013184
0.053020477294921875,0.01640152931213379,0.004999399185180664,0.0837240219116211
0.12024402618408203,0.03000020980834961,0.004004478454589844,0.11087512969970703
0.15069055557250977,0.009999513626098633,0.003999948501586914,0.08187484741210938
0.056741952896118164,0.22248244285583496,0.018140554428100586,0.22797942161560059
0.15344023704528809,0.10248589515686035,0.009961605072021484,0.1692662239074707
0.04999279975891113,0.0315401554107666,0.005000114440917969,0.12122535705566406
0.15454697608947754,0.09952569007873535,0.012998819351196289,0.17899799346923828
0.026869535446166992,0.14791417121887207,0.012998819351196289,0.1993391513824463
0.020701169967651367,0.07452392578125,0.0069997310638427734,0.18195080757141113
0.009598970413208008,0.1209712028503418,0.0139923095703125,0.18009376525878906
0.1291489601135254,0.11371159553527832,0.01462101936340332,0.2037672996520996
0.04982304573059082,0.003099203109741211,0.002003908157348633,0.0445256233215332
0.15823888778686523,0.01971435546875,0.004168987274169922,0.11653614044189453
0.014999151229858398,0.06800723075866699,0.00751185417175293,0.1781327724456787
0.1385190486907959,0.19404125213623047,0.02794933319091797,0.22704863548278809
0.16864681243896484,0.013719320297241211,0.0039844512939453125,0.0877532958984375
0.01900029182434082,0.10997772216796875,0.008803129196166992,0.18114876747131348
0.05378007888793945,0.14914917945861816,0.009045600891113281,0.17917799949645996
0.08307862281799316,0.1365814208984375,0.009999513626098633,0.1872861385345459
0.14086031913757324,0.11866903305053711,0.014023780822753906,0.1855325698852539
0.15444684028625488,0.08087468147277832,0.008636474609375,0.16737723350524902
0.021847009658813477,0.04438018798828125,0.0050008296966552734,0.13416314125061035
0.006006956100463867,0.07697606086730957,0.007001638412475586,0.17725205421447754
0.1258375644683838,0.016518354415893555,0.003999233245849609,0.10124802589416504
0.0055162906646728516,0.05166792869567871,0.006598234176635742,0.16044282913208008
0.13383245468139648,0.0933682918548584,0.009000062942504883,0.19128680229187012
0.0,0.0,0.0019996166229248047,0.012615680694580078
0.1433238983154297,0.030225515365600586,0.008362770080566406,0.14981508255004883
0.05746340751647949,0.1256401538848877,0.013999700546264648,0.1935713291168213
0.14362359046936035,0.010255813598632812,0.00305938720703125,0.0781700611114502
0.13652300834655762,0.009512901306152344,0.0019996166229248047,0.07421183586120605
0.1285550594329834,0.013007640838623047,0.003880023956298828,0.09222245216369629
0.015924453735351562,0.17117834091186523,0.02405548095703125,0.25751495361328125
0.003080129623413086,0.019787073135375977,0.004002571105957031,0.11138105392456055
0.012514829635620117,0.14789032936096191,0.016539335250854492,0.1906132698059082
0.040000200271606445,0.017651081085205078,0.003000020980834961,0.0970458984375
0.026014089584350586,0.002999544143676758,0.0020003318786621094,0.04442644119262695
0.0009999275207519531,0.06581997871398926,0.005005359649658203,0.16028308868408203
0.12615346908569336,0.15278172492980957,0.015283584594726562,0.19200468063354492
0.011013269424438477,0.022011756896972656,0.0050811767578125,0.11491608619689941
0.003999471664428711,0.04894852638244629,0.0070302486419677734,0.1461484432220459
0.008999109268188477,0.16176915168762207,0.01616644859313965,0.19738531112670898
0.06950998306274414,0.12006783485412598,0.010509490966796875,0.18044328689575195
0.03374505043029785,0.07790088653564453,0.008999824523925781,0.168565034866333
0.13161087036132812,0.09321475028991699,0.010338306427001953,0.1811988353729248
0.13800668716430664,0.14612317085266113,0.01159977912902832,0.21813011169433594
0.00099945068359375,0.04926347732543945,0.006776332855224609,0.15843439102172852
0.06594228744506836,0.029103517532348633,0.004000186920166016,0.12533330917358398
0.12890839576721191,0.030419588088989258,0.0054950714111328125,0.11311697959899902
0.0020008087158203125,0.013998985290527344,0.0030002593994140625,0.08787369728088379
0.002997875213623047,0.14212608337402344,0.01600027084350586,0.19711637496948242
0.07462334632873535,0.0639808177947998,0.007002830505371094,0.1533806324005127
0.12659168243408203,0.08887505531311035,0.009999990463256836,0.1742568016052246
0.019014835357666016,0.14351868629455566,0.01699972152709961,0.20575213432312012
0.0,0.0010061264038085938,0.001764535903930664,0.014005184173583984
0.09039115905761719,0.1487715244293213,0.0174257755279541,0.19272232055664062
0.08134293556213379,0.11133170127868652,0.01307368278503418,0.18238353729248047
0.03510904312133789,0.11953997611999512,0.012511014938354492,0.21422362327575684
0.01399993896484375,0.1373124122619629,0.013999700546264648,0.20522212982177734
0.07917451858520508,0.1699230670928955,0.018132448196411133,0.22215485572814941
0.0,0.0029976367950439453,0.0009999275207519531,0.04051566123962402
0.06991314888000488,0.013523101806640625,0.0064983367919921875,0.08351588249206543
0.02544856071472168,0.10166144371032715,0.013455390930175781,0.18067216873168945
0.10629487037658691,0.033516645431518555,0.00432586669921875,0.13510990142822266
0.07195043563842773,0.14648699760437012,0.015193700790405273,0.18680429458618164
0.14130401611328125,0.1415872573852539,0.015137434005737305,0.18425965309143066
0.00800013542175293,0.017000198364257812,0.003999948501586914,0.09447121620178223
0.011488676071166992,0.013511419296264648,0.0040013790130615234,0.09091472625732422
0.10664200782775879,0.012035369873046875,0.0029997825622558594,0.08844256401062012
0.11268830299377441,0.031252384185791016,0.006999492645263672,0.13352346420288086
0.04396533966064453,0.11896991729736328,0.013999700546264648,0.17256402969360352
0.034024953842163086,0.08627676963806152,0.009650468826293945,0.18343043327331543
0.12453556060791016,0.040070295333862305,0.007007122039794922,0.13811469078063965
0.1458721160888672,0.004999876022338867,0.0020017623901367188,0.06348943710327148
0.07605886459350586,0.019626617431640625,0.005001068115234375,0.11486411094665527
0.16511940956115723,0.13909220695495605,0.02259969711303711,0.24226999282836914
0.012698173522949219,0.1326618194580078,0.012516260147094727,0.1924138069152832
0.07826566696166992,0.007512807846069336,0.0030002593994140625,0.07519245147705078
0.10847115516662598,0.037061452865600586,0.007513523101806641,0.1314384937286377
0.0030002593994140625,0.08650970458984375,0.009000062942504883,0.1597299575805664
0.07434511184692383,0.13264679908752441,0.011946439743041992,0.17882370948791504
0.12227821350097656,0.05305743217468262,0.007010698318481445,0.16292977333068848
0.03400540351867676,0.03882908821105957,0.0060024261474609375,0.139939546585083
0.0059986114501953125,0.07869195938110352,0.0069997310638427734,0.16605305671691895
0.054515838623046875,0.06165289878845215,0.00599980354309082,0.16762804985046387
0.11482667922973633,0.15229153633117676,0.017537593841552734,0.19238615036010742
0.09365296363830566,0.1499767303466797,0.017000913619995117,0.17115283012390137
0.004000186920166016,0.06798839569091797,0.00711369514465332,0.16979336738586426
0.062129974365234375,0.12849950790405273,0.013522624969482422,0.19869232177734375
0.01709723472595215,0.0982518196105957,0.011507034301757812,0.17940640449523926
0.14863848686218262,0.0020034313201904297,0.0019211769104003906,0.030488967895507812
0.130462646484375,0.09489965438842773,0.010999917984008789,0.17120003700256348
0.030519723892211914,0.1315004825592041,0.01071929931640625,0.20024776458740234
0.14669227600097656,0.01862311363220215,0.004508018493652344,0.10410666465759277
0.001001596450805664,0.12241387367248535,0.015563488006591797,0.21000313758850098
0.07725977897644043,0.0009996891021728516,0.0019998550415039062,0.037384748458862305
0.011999845504760742,0.14814138412475586,0.016575336456298828,0.1849803924560547
0.04690861701965332,0.027059555053710938,0.006003856658935547,0.12151122093200684
0.002000093460083008,0.0030002593994140625,0.001999378204345703,0.03447604179382324
0.0145111083984375,0.13565993309020996,0.015006065368652344,0.18424034118652344
0.1152040958404541,0.010999679565429688,0.003000497817993164,0.08251261711120605
0.005505800247192383,0.04218935966491699,0.007999658584594727,0.13243842124938965
0.11179041862487793,0.12817835807800293,0.014999866485595703,0.17902016639709473
0.09212088584899902,0.0009996891021728516,0.002000093460083008,0.020588397979736328
0.11102175712585449,0.055586814880371094,0.008190155029296875,0.16277074813842773
0.11169815063476562,0.06489133834838867,0.010009050369262695,0.1818861961364746
0.007126331329345703,0.0679328441619873,0.00599980354309082,0.16540098190307617
0.07794404029846191,0.07616114616394043,0.009085893630981445,0.17449045181274414
0.16234636306762695,0.02900075912475586,0.004999399185180664,0.12604737281799316
0.009999990463256836,0.10390305519104004,0.007999420166015625,0.18565940856933594
0.07179474830627441,0.11046266555786133,0.010025978088378906,0.1713268756866455
0.0612330436706543,0.1465766429901123,0.017000675201416016,0.17499876022338867
0.11936521530151367,0.010513782501220703,0.003999948501586914,0.07831954956054688
0.0865333080291748,0.05180859565734863,0.00599980354309082,0.13722443580627441
0.003999948501586914,0.06052255630493164,0.006711721420288086,0.15487384796142578
0.005997180938720703,0.12903404235839844,0.011001110076904297,0.18303918838500977
0.04847550392150879,0.0009999275207519531,0.0009999275207519531,0.003000020980834961
0.0475161075592041,0.09108090400695801,0.00999903678894043,0.18321609497070312
0.14877057075500488,0.0395965576171875,0.005623579025268555,0.14714884757995605
0.12923097610473633,0.19326448440551758,0.018146991729736328,0.19397211074829102
0.12837481498718262,0.06273937225341797,0.007604837417602539,0.1583547592163086
0.10837411880493164,0.14651083946228027,0.017000198364257812,0.1861248016357422
0.01699352264404297,0.02952098846435547,0.005001068115234375,0.12104487419128418
0.15151524543762207,0.03352069854736328,0.006000518798828125,0.13552403450012207
0.014135599136352539,0.22336697578430176,0.019315242767333984,0.19532418251037598
0.1061093807220459,0.2368636131286621,0.018071651458740234,0.19106626510620117
0.15346693992614746,0.08397626876831055,0.010276556015014648,0.1770000457763672
0.08660483360290527,0.016774654388427734,0.003998994827270508,0.09674549102783203
0.1514110565185547,0.03456592559814453,0.005038738250732422,0.1445612907409668
0.021681547164916992,0.05589938163757324,0.006185770034790039,0.15461158752441406
0.0009989738464355469,0.040549278259277344,0.005999565124511719,0.13057470321655273
0.10693526268005371,0.015644550323486328,0.002999544143676758,0.09615802764892578
0.0635988712310791,0.02837514877319336,0.004615306854248047,0.13022708892822266
0.025843143463134766,0.13333797454833984,0.015130996704101562,0.18807244300842285
0.03059101104736328,0.09683346748352051,0.009597539901733398,0.18231821060180664
0.15443706512451172,0.0009953975677490234,0.0020084381103515625,0.03099989891052246
0.05605673789978027,0.16895627975463867,0.018512725830078125,0.2756054401397705
0.04397225379943848,0.0,0.0019927024841308594,0.009515047073364258
0.033509254455566406,0.09077095985412598,0.01501154899597168,0.19859075546264648
0.03627657890319824,0.011076688766479492,0.003999471664428711,0.08528971672058105
0.01805710792541504,0.07582545280456543,0.008880853652954102,0.16737699508666992
0.011000871658325195,0.07629752159118652,0.007999658584594727,0.17492151260375977
0.08306145668029785,0.08269119262695312,0.008999824523925781,0.1779329776763916
0.14340996742248535,0.0,0.0010001659393310547,0.00500035285949707
0.09961152076721191,0.08793115615844727,0.009000301361083984,0.17438888549804688
0.04550313949584961,0.03421807289123535,0.006009578704833984,0.12294912338256836
0.017313480377197266,0.007999897003173828,0.0029997825622558594,0.07283258438110352
0.13463449478149414,0.07485342025756836,0.008001089096069336,0.16590380668640137
0.0,0.0020008087158203125,0.0019986629486083984,0.03251838684082031
0.14531230926513672,0.023344993591308594,0.004511833190917969,0.10779857635498047
0.0279998779296875,0.11932516098022461,0.012704849243164062,0.16652154922485352
0.1434006690979004,0.0009999275207519531,0.0010006427764892578,0.009924650192260742
0.0182797908782959,0.1515340805053711,0.015978336334228516,0.1820964813232422
0.04081153869628906,0.03300023078918457,0.0039997100830078125,0.13578152656555176
0.02300572395324707,0.007611513137817383,0.0020003318786621094,0.06592130661010742
0.0268862247467041,0.003002166748046875,0.0019981861114501953,0.040001630783081055
0.0212404727935791,0.13255810737609863,0.01500248908996582,0.19061064720153809
0.05700516700744629,0.12308430671691895,0.01099705696105957,0.17563438415527344
0.01777052879333496,0.10625100135803223,0.010412454605102539,0.1872239112854004
0.1426699161529541,0.13870000839233398,0.01458287239074707,0.19543027877807617
0.13536739349365234,0.08668923377990723,0.011030197143554688,0.18194270133972168
0.12922406196594238,0.13240504264831543,0.012190818786621094,0.2271442413330078
0.11482572555541992,0.0039997100830078125,0.002000093460083008,0.0727548599243164
0.0,0.0009999275207519531,0.0010039806365966797,0.013996362686157227
0.014024019241333008,0.0016222000122070312,0.0025060176849365234,0.030461788177490234
0.016636371612548828,0.08144474029541016,0.0069997310638427734,0.18704891204833984
0.0019998550415039062,0.02900099754333496,0.006023406982421875,0.14001917839050293
0.0019998550415039062,0.008610725402832031,0.004000186920166016,0.07847476005554199
0.010877847671508789,0.08965444564819336,0.009272575378417969,0.20844340324401855
0.0727384090423584,0.12659406661987305,0.012245655059814453,0.2565915584564209
0.0005385875701904297,0.0016384124755859375,0.004216432571411133,0.0360722541809082
0.09441566467285156,0.12109637260437012,0.01399683952331543,0.18690776824951172
0.07695913314819336,0.02603459358215332,0.005011081695556641,0.12488293647766113
0.0,0.07212972640991211,0.008788585662841797,0.17115020751953125
0.03653430938720703,0.001010894775390625,0.001997232437133789,0.014002799987792969
0.021999835968017578,0.03137850761413574,0.005701780319213867,0.13704657554626465
0.050399065017700195,0.09508633613586426,0.008583784103393555,0.1815180778503418
0.1065971851348877,0.028005361557006836,0.004999876022338867,0.11718559265136719
0.015019655227661133,0.04360556602478027,0.007019758224487305,0.13370776176452637
0.0,0.0009980201721191406,0.0009999275207519531,0.012737274169921875
0.08010649681091309,0.11728596687316895,0.010999441146850586,0.17299818992614746
0.005999565124511719,0.015001535415649414,0.0025222301483154297,0.09808921813964844
0.00503993034362793,0.02100849151611328,0.003999948501586914,0.10208320617675781
0.0009999275207519531,0.02320098876953125,0.004005908966064453,0.11477279663085938
0.12254095077514648,0.03099966049194336,0.0060002803802490234,0.12523126602172852
0.07152271270751953,0.13219118118286133,0.014009714126586914,0.19127345085144043
0.11555194854736328,0.06853413581848145,0.00799870491027832,0.17810678482055664
0.07186031341552734,0.006512165069580078,0.0029993057250976562,0.07089352607727051
0.1511549949645996,0.07327938079833984,0.008481502532958984,0.1660604476928711
0.05420851707458496,0.1382143497467041,0.01700115203857422,0.19408798217773438
0.008513927459716797,0.009361743927001953,0.0030133724212646484,0.0764014720916748
0.04356074333190918,0.01518869400024414,0.0030851364135742188,0.09906172752380371
0.03600001335144043,0.09151697158813477,0.00899958610534668,0.20023250579833984
0.12819981575012207,0.16286754608154297,0.019652128219604492,0.17639422416687012
0.03201103210449219,0.11960387229919434,0.009081125259399414,0.17792439460754395
0.13300848007202148,0.14968657493591309,0.017511367797851562,0.19074344635009766
0.11064481735229492,0.033716678619384766,0.00700688362121582,0.1273956298828125
0.002000570297241211,0.05702543258666992,0.0070378780364990234,0.1566019058227539
0.0019989013671875,0.07000112533569336,0.007004261016845703,0.15991473197937012
0.12217116355895996,0.04128766059875488,0.006004810333251953,0.128004789352417
0.12332725524902344,0.07298159599304199,0.007999897003173828,0.17203378677368164
0.00599980354309082,0.023999929428100586,0.00599980354309082,0.10853719711303711
0.07915282249450684,0.07051491737365723,0.004999876022338867,0.14739394187927246
0.0050013065338134766,0.0,0.0026960372924804688,0.021510601043701172
0.014010906219482422,0.16016507148742676,0.017792224884033203,0.1920938491821289
0.0041866302490234375,0.10965275764465332,0.01049351692199707,0.16702532768249512
0.1688694953918457,0.004221916198730469,0.003144979476928711,0.0550541877746582
0.055646657943725586,0.01999807357788086,0.00600123405456543,0.10076689720153809
0.12070989608764648,0.041886329650878906,0.003993034362792969,0.15463757514953613
0.07389569282531738,0.14196443557739258,0.022051572799682617,0.19693970680236816
0.045318603515625,0.05267047882080078,0.007107973098754883,0.1663355827331543
0.14658808708190918,0.011737823486328125,0.00400543212890625,0.08451557159423828
0.01599740982055664,0.05256795883178711,0.007001399993896484,0.15827441215515137
0.11773324012756348,0.03700566291809082,0.005887031555175781,0.14909815788269043
0.04715132713317871,0.04433727264404297,0.0038950443267822266,0.1456892490386963
0.03587627410888672,0.010468244552612305,0.003000497817993164,0.07752132415771484
0.0009999275207519531,0.035454511642456055,0.004999876022338867,0.12595462799072266
0.029011249542236328,0.12476515769958496,0.010999917984008789,0.172532320022583
0.06084561347961426,0.10062098503112793,0.00899958610534668,0.1758582592010498
0.0040013790130615234,0.0732274055480957,0.008142948150634766,0.16684818267822266
0.018596887588500977,0.09612655639648438,0.009266376495361328,0.17261314392089844
0.010758399963378906,0.18613171577453613,0.016588926315307617,0.1914052963256836
0.06698894500732422,0.05349230766296387,0.005999326705932617,0.1449141502380371
0.07243466377258301,0.09370279312133789,0.009390592575073242,0.16687250137329102
0.06485533714294434,0.028518199920654297,0.005999565124511719,0.13119029998779297
0.06457209587097168,0.07500529289245605,0.00800323486328125,0.17309331893920898
0.14507198333740234,0.018636465072631836,0.0050008296966552734,0.10405898094177246
0.0512392520904541,0.13729476928710938,0.013663768768310547,0.19144511222839355
0.07445549964904785,0.009000062942504883,0.004001140594482422,0.07831931114196777
0.05009961128234863,0.14052271842956543,0.01300501823425293,0.18536949157714844
0.059670448303222656,0.15507960319519043,0.01730060577392578,0.20928406715393066
0.006005287170410156,0.055669546127319336,0.0050013065338134766,0.15519356727600098
0.034761667251586914,0.02196502685546875,0.0040073394775390625,0.10958456993103027
0.14493989944458008,0.1519775390625,0.018001079559326172,0.1800370216369629
0.11133265495300293,0.14256024360656738,0.008353471755981445,0.17499732971191406
0.13567757606506348,0.10501742362976074,0.0070056915283203125,0.17932868003845215
0.14131665229797363,0.09497570991516113,0.009000778198242188,0.17694330215454102
0.015518903732299805,0.03675127029418945,0.007283449172973633,0.13639473915100098
0.14208602905273438,0.0973050594329834,0.010999917984008789,0.18049073219299316
0.0492100715637207,0.023003101348876953,0.004106998443603516,0.12934279441833496
0.1472303867340088,0.05762004852294922,0.009002685546875,0.16569995880126953
0.1014864444732666,0.10915017127990723,0.011537551879882812,0.19188332557678223
0.011005878448486328,0.058251380920410156,0.00800633430480957,0.14339804649353027
0.0914754867553711,0.10437989234924316,0.007876157760620117,0.18816447257995605
0.01399850845336914,0.1095113754272461,0.010005712509155273,0.17402124404907227
0.031612396240234375,0.03999662399291992,0.004001617431640625,0.13457512855529785
0.07036185264587402,0.057035207748413086,0.0069997310638427734,0.16022348403930664
0.14444303512573242,0.1378023624420166,0.015007495880126953,0.18948650360107422
0.006571769714355469,0.11717081069946289,0.010894298553466797,0.18383383750915527
0.006001710891723633,0.1200251579284668,0.012491464614868164,0.18425321578979492
0.08092498779296875,0.05781960487365723,0.0065267086029052734,0.15751314163208008
0.14251112937927246,0.01699995994567871,0.004000186920166016,0.10051226615905762
0.08900952339172363,0.05009651184082031,0.004999399185180664,0.14920735359191895
0.0010006427764892578,0.11388754844665527,0.009001016616821289,0.18302226066589355
0.0260009765625,0.04051971435546875,0.0070018768310546875,0.13543200492858887
0.04401659965515137,0.07465314865112305,0.006999492645263672,0.16494393348693848
0.013022899627685547,0.017000198364257812,0.003009796142578125,0.09501838684082031
0.14503097534179688,0.028515100479125977,0.003998517990112305,0.11519670486450195
0.0915369987487793,0.05105733871459961,0.004023075103759766,0.1637718677520752
0.056107521057128906,0.12651801109313965,0.012736320495605469,0.1756126880645752
0.1162710189819336,0.049582481384277344,0.005033016204833984,0.15585637092590332
0.038678884506225586,0.11799478530883789,0.01108694076538086,0.1889934539794922
0.009130477905273438,0.10382246971130371,0.010994911193847656,0.1875150203704834
0.009999990463256836,0.060276031494140625,0.007016181945800781,0.16113567352294922
0.12927007675170898,0.07851433753967285,0.009510278701782227,0.1619579792022705
0.13610243797302246,0.1468186378479004,0.01704692840576172,0.18770742416381836
0.01699995994567871,0.1262221336364746,0.012999534606933594,0.18532252311706543
0.08105349540710449,0.12689948081970215,0.011708259582519531,0.17797636985778809
0.140028715133667,0.0469965934753418,0.007006168365478516,0.14997506141662598
0.06535649299621582,0.11951994895935059,0.008000373840332031,0.18304204940795898
0.0009999275207519531,0.023000240325927734,0.0029997825622558594,0.11251354217529297
0.04600167274475098,0.13300704956054688,0.013000726699829102,0.17503833770751953
0.09210395812988281,0.10115385055541992,0.011999845504760742,0.15861725807189941
0.13443493843078613,0.14769315719604492,0.013349533081054688,0.205092191696167
0.12021946907043457,0.1012115478515625,0.009999752044677734,0.17960858345031738
0.07865405082702637,0.039946794509887695,0.004531145095825195,0.1321427822113037
0.031427621841430664,0.005998849868774414,0.003000020980834961,0.06335687637329102
0.06344461441040039,0.007883787155151367,0.0040204524993896484,0.07128167152404785
0.1433420181274414,0.12982845306396484,0.014509439468383789,0.17951178550720215
0.09936761856079102,0.06724190711975098,0.009999513626098633,0.1605541706085205
0.03222393989562988,0.06444072723388672,0.006513833999633789,0.1623859405517578
0.012677907943725586,0.04952263832092285,0.007277727127075195,0.14821553230285645
0.007005929946899414,0.0029997825622558594,0.002000093460083008,0.042577505111694336
0.05924868583679199,0.1316971778869629,0.015001773834228516,0.19143438339233398
0.014606237411499023,0.03000497817993164,0.005513906478881836,0.1405496597290039
0.057791948318481445,0.029999971389770508,0.007010936737060547,0.1425623893737793
0.0019979476928710938,0.07724690437316895,0.0060007572174072266,0.1595134735107422
0.0,0.0,0.002000570297241211,0.010999917984008789
0.010509967803955078,0.06703495979309082,0.003999948501586914,0.15497589111328125
0.10109972953796387,0.14709877967834473,0.012000322341918945,0.17929506301879883
0.0009999275207519531,0.0010001659393310547,0.0009999275207519531,0.01606440544128418
0.1077260971069336,0.06589818000793457,0.009148836135864258,0.1817915439605713
0.0010001659393310547,0.022020578384399414,0.005999326705932617,0.11688518524169922
0.002059459686279297,0.08803057670593262,0.010513782501220703,0.1842942237854004
0.11256170272827148,0.015099287033081055,0.003999948501586914,0.0976877212524414
0.10872387886047363,0.10592365264892578,0.011999845504760742,0.1843879222869873
0.14232969284057617,0.057178497314453125,0.008005857467651367,0.1554396152496338
0.08200216293334961,0.044446468353271484,0.00644230842590332,0.14641928672790527
0.07146263122558594,0.0019981861114501953,0.0019998550415039062,0.033670902252197266
0.13372540473937988,0.007987022399902344,0.0035614967346191406,0.07280135154724121
0.004000186920166016,0.022518396377563477,0.006000041961669922,0.10684895515441895
0.018000125885009766,0.05200529098510742,0.007510185241699219,0.15030503273010254
0.008005857467651367,0.09062719345092773,0.010005474090576172,0.16408514976501465
0.03051018714904785,0.00500035285949707,0.0020008087158203125,0.05657696723937988
0.10827517509460449,0.0035347938537597656,0.003074169158935547,0.04006242752075195
0.109283447265625,0.03897666931152344,0.00599980354309082,0.12419342994689941
0.1330854892730713,0.0285947322845459,0.006749629974365234,0.12331509590148926
0.004000186920166016,0.07331347465515137,0.009000062942504883,0.17237329483032227
0.0535886287689209,0.04680919647216797,0.005005836486816406,0.1399240493774414
0.0030088424682617188,0.0029973983764648438,0.003000020980834961,0.04630756378173828
0.04374432563781738,0.12842869758605957,0.009512186050415039,0.1841723918914795
0.04059863090515137,0.12690091133117676,0.013178825378417969,0.17371058464050293
0.0807654857635498,0.08000516891479492,0.007998943328857422,0.1698451042175293
0.08140945434570312,0.04039764404296875,0.005506753921508789,0.1414017677307129
0.032671213150024414,0.0325162410736084,0.005000114440917969,0.13148808479309082
0.06191658973693848,0.06937003135681152,0.008647680282592773,0.16782450675964355
0.002000093460083008,0.031002283096313477,0.004999876022338867,0.12224221229553223
0.015000104904174805,0.0581662654876709,0.0069997310638427734,0.15590381622314453
0.1461637020111084,0.015166282653808594,0.0038230419158935547,0.10381436347961426
0.08117103576660156,0.13234806060791016,0.015000581741333008,0.17103075981140137
0.06851506233215332,0.02896404266357422,0.004004001617431641,0.12001228332519531
0.11116909980773926,0.049393653869628906,0.008068323135375977,0.14944887161254883
0.029558897018432617,0.043990135192871094,0.004999876022338867,0.1333146095275879
0.030462265014648438,0.06756162643432617,0.007999897003173828,0.1563405990600586
0.01768779754638672,0.008999824523925781,0.003000020980834961,0.07658743858337402
0.1412642002105713,0.010557413101196289,0.0030443668365478516,0.07633423805236816
0.1249997615814209,0.10072517395019531,0.010004520416259766,0.18168425559997559
0.05827498435974121,0.1275157928466797,0.014008045196533203,0.20578479766845703
0.032883405685424805,0.002000093460083008,0.002509593963623047,0.03603243827819824
0.14139842987060547,0.03900265693664551,0.005512714385986328,0.12463617324829102
0.0807492733001709,0.012995004653930664,0.0030002593994140625,0.08441925048828125
0.133134126663208,0.01000833511352539,0.0019991397857666016,0.08578324317932129
0.024036169052124023,0.04451560974121094,0.006524085998535156,0.14815235137939453
0.028025388717651367,0.1468031406402588,0.01595020294189453,0.19674992561340332
0.14616847038269043,0.05256390571594238,0.00751185417175293,0.15243148803710938
0.11939764022827148,0.024001359939575195,0.004508495330810547,0.11021876335144043
0.03936934471130371,0.07809948921203613,0.007026195526123047,0.17360925674438477
0.044887542724609375,0.1198575496673584,0.00960397720336914,0.1856670379638672
0.0041773319244384766,0.11984515190124512,0.008999824523925781,0.1791398525238037
0.029041528701782227,0.1621854305267334,0.014360666275024414,0.18070292472839355
0.017131805419921875,0.008028507232666016,0.003021240234375,0.0667412281036377
0.029572010040283203,0.04953646659851074,0.007002592086791992,0.15641379356384277
0.09196639060974121,0.04351067543029785,0.005507946014404297,0.144683837890625
0.030451536178588867,0.01100015640258789,0.003999948501586914,0.08635330200195312
0.009999752044677734,0.1099705696105957,0.012005090713500977,0.1838376522064209
0.11525988578796387,0.12490344047546387,0.011287689208984375,0.1806485652923584
0.003998994827270508,0.1509547233581543,0.014017343521118164,0.18129396438598633
0.07017278671264648,0.06550955772399902,0.004999876022338867,0.14960217475891113
0.15242767333984375,0.07732129096984863,0.008517980575561523,0.16032147407531738
0.12739229202270508,0.01551055908203125,0.004000186920166016,0.09045743942260742
0.07434463500976562,0.018506526947021484,0.003999948501586914,0.09824347496032715
0.12254118919372559,0.08966946601867676,0.01099848747253418,0.17438387870788574
0.06412768363952637,0.0328676700592041,0.0039997100830078125,0.12713861465454102
0.00599980354309082,0.1469733715057373,0.01740717887878418,0.19588947296142578
0.1610090732574463,0.07316255569458008,0.009848833084106445,0.16789531707763672
0.03292512893676758,0.012510538101196289,0.003000020980834961,0.08335494995117188
0.03391861915588379,0.0559995174407959,0.00800013542175293,0.16039156913757324
0.10731768608093262,0.057372093200683594,0.007567644119262695,0.14397311210632324
0.09402251243591309,0.1416947841644287,0.015012979507446289,0.17891454696655273
0.012000083923339844,0.04198431968688965,0.0039997100830078125,0.1354222297668457
0.06748604774475098,0.002001047134399414,0.0019986629486083984,0.03957557678222656
0.005000114440917969,0.015000104904174805,0.003999948501586914,0.10526347160339355
0.009000539779663086,0.09038376808166504,0.008402347564697266,0.1761009693145752
0.0009999275207519531,0.054415225982666016,0.004522562026977539,0.15649628639221191
0.15986847877502441,0.02114081382751465,0.005522251129150391,0.1253671646118164
0.0201108455657959,0.07904601097106934,0.008512496948242188,0.17743968963623047
0.13293695449829102,0.07734799385070801,0.010004520416259766,0.17130064964294434
0.14070963859558105,0.007199764251708984,0.003496408462524414,0.07038545608520508
0.08395600318908691,0.022965669631958008,0.006032228469848633,0.10647749900817871
0.015005111694335938,0.14228415489196777,0.018114566802978516,0.18102693557739258
0.1233377456665039,0.01006937026977539,0.0025141239166259766,0.0796051025390625
0.007998943328857422,0.058004140853881836,0.00700068473815918,0.1551203727722168
0.062307119369506836,0.020414352416992188,0.003000497817993164,0.11632204055786133
0.11385250091552734,0.04306936264038086,0.007522106170654297,0.14475274085998535
0.1279921531677246,0.011926889419555664,0.004000186920166016,0.08648848533630371
0.15275073051452637,0.1183018684387207,0.011862993240356445,0.18178701400756836
0.015001296997070312,0.0,0.0009992122650146484,0.005999565124511719
0.026449918746948242,0.10115981101989746,0.013033151626586914,0.17667007446289062
0.0996699333190918,0.12125468254089355,0.013764142990112305,0.18915390968322754
0.06908178329467773,0.1814126968383789,0.022002220153808594,0.23090672492980957
0.056828975677490234,0.02242875099182129,0.005000591278076172,0.11527109146118164
0.015000343322753906,0.1358644962310791,0.015000104904174805,0.19030427932739258
0.027017831802368164,0.09270167350769043,0.010998964309692383,0.17630696296691895
0.12558865547180176,0.029000282287597656,0.004999876022338867,0.11851239204406738
0.014000892639160156,0.08533906936645508,0.010367393493652344,0.17928624153137207
0.0610654354095459,0.09368515014648438,0.009999275207519531,0.16303563117980957
0.14847421646118164,0.010279178619384766,0.0035119056701660156,0.09071946144104004
0.04855537414550781,0.0010004043579101562,0.0009999275207519531,0.005441904067993164
0.12602543830871582,0.11122751235961914,0.011110782623291016,0.18044233322143555
0.03879284858703613,0.014001607894897461,0.0035085678100585938,0.08512330055236816
0.10791277885437012,0.07613921165466309,0.009511470794677734,0.16011905670166016
0.0662984848022461,0.0589902400970459,0.006745338439941406,0.160064697265625
0.12058472633361816,0.02754378318786621,0.005000591278076172,0.12021660804748535
0.025071382522583008,0.02174067497253418,0.004789829254150391,0.10373377799987793
0.0729837417602539,0.030124425888061523,0.005560159683227539,0.13090109825134277
0.10372424125671387,0.15694308280944824,0.014796257019042969,0.1750032901763916
0.08884215354919434,0.0542292594909668,0.006997823715209961,0.1532912254333496
0.03763270378112793,0.10947227478027344,0.015459537506103516,0.17351341247558594
0.04855036735534668,0.1459057331085205,0.017041444778442383,0.18650364875793457
0.06952047348022461,0.07239556312561035,0.008004426956176758,0.15265321731567383
0.032418012619018555,0.042299747467041016,0.007999897003173828,0.1465141773223877
0.13194537162780762,0.0045354366302490234,0.004241228103637695,0.05392789840698242
0.020519256591796875,0.06483983993530273,0.009121894836425781,0.16601157188415527
0.0999307632446289,0.027513504028320312,0.004538297653198242,0.12372183799743652
0.12538433074951172,0.2286691665649414,0.017629623413085938,0.177077054977417
0.0632772445678711,0.08808135986328125,0.009604454040527344,0.18093633651733398
0.14969968795776367,0.0030019283294677734,0.0029981136322021484,0.04548025131225586
0.0030007362365722656,0.043657779693603516,0.007999897003173828,0.18085002899169922
0.1166532039642334,0.164747953414917,0.020984888076782227,0.18045616149902344
0.04585576057434082,0.003000020980834961,0.0030074119567871094,0.04776763916015625
0.10790252685546875,0.12949585914611816,0.013999700546264648,0.1760270595550537
0.13451242446899414,0.15102338790893555,0.016000747680664062,0.2158365249633789
0.03599953651428223,0.12351822853088379,0.011509895324707031,0.17151236534118652
0.033023834228515625,0.04299592971801758,0.0055866241455078125,0.1321253776550293
0.1178445816040039,0.04220867156982422,0.005796909332275391,0.13054323196411133
0.11694955825805664,0.1185903549194336,0.012025117874145508,0.16960716247558594
0.09663581848144531,0.003999948501586914,0.0029997825622558594,0.048627614974975586
0.14360713958740234,0.002009153366088867,0.0019958019256591797,0.029935836791992188
0.13043713569641113,0.11694788932800293,0.010457754135131836,0.20096135139465332
0.13469552993774414,0.08354663848876953,0.009509801864624023,0.16063284873962402
0.18551278114318848,0.030470609664916992,0.005000591278076172,0.12328267097473145
0.012917518615722656,0.06966376304626465,0.008979082107543945,0.16405630111694336
0.04700064659118652,0.015000581741333008,0.005002260208129883,0.0920565128326416
0.062444448471069336,0.07542586326599121,0.00900125503540039,0.16209173202514648
0.018999576568603516,0.1199486255645752,0.013490438461303711,0.1823747158050537
0.14111042022705078,0.05338692665100098,0.006680011749267578,0.15922307968139648
0.07407045364379883,0.14305520057678223,0.017014741897583008,0.19377875328063965
0.003997325897216797,0.026999235153198242,0.006002664566040039,0.11651206016540527
0.06299829483032227,0.0987706184387207,0.012001752853393555,0.18384838104248047
0.05451488494873047,0.08362841606140137,0.006997585296630859,0.17797255516052246
0.15494227409362793,0.0,0.002183198928833008,0.02202892303466797
0.06919455528259277,0.08672142028808594,0.009999513626098633,0.16342616081237793
0.06684732437133789,0.02550983428955078,0.006005525588989258,0.11958146095275879
0.14449453353881836,0.003999471664428711,0.0030002593994140625,0.053999900817871094
0.08549237251281738,0.008999824523925781,0.003000020980834961,0.07387971878051758
0.05151700973510742,0.0010018348693847656,0.0020008087158203125,0.015998125076293945
0.04454994201660156,0.058515310287475586,0.0069997310638427734,0.1535956859588623
0.031998634338378906,0.08802914619445801,0.010517597198486328,0.1763906478881836
0.08192062377929688,0.10264062881469727,0.011998414993286133,0.17509722709655762
0.1471710205078125,0.08084726333618164,0.009999513626098633,0.16441726684570312
0.12451291084289551,0.06525969505310059,0.0074884891510009766,0.16028356552124023
0.03913235664367676,0.15033459663391113,0.018000364303588867,0.17421817779541016
0.006999492645263672,0.0855109691619873,0.008000850677490234,0.19127249717712402
0.10796093940734863,0.1468663215637207,0.018141984939575195,0.17081117630004883
0.05665898323059082,0.13115811347961426,0.014000654220581055,0.1896653175354004
0.03012394905090332,0.012999773025512695,0.004001140594482422,0.07665467262268066
0.023760318756103516,0.02330803871154785,0.00600123405456543,0.11357665061950684
0.0012645721435546875,0.0263216495513916,0.006517171859741211,0.12330007553100586
0.059000253677368164,0.045934200286865234,0.006000995635986328,0.14901065826416016
0.10320377349853516,0.08645009994506836,0.010413169860839844,0.18025445938110352
0.02550959587097168,0.08790898323059082,0.007999897003173828,0.1745452880859375
0.1011042594909668,0.08504700660705566,0.006999969482421875,0.15828275680541992
0.10659980773925781,0.0010001659393310547,0.002004861831665039,0.01660013198852539
0.030551910400390625,0.12478899955749512,0.015436887741088867,0.16816997528076172
0.004646778106689453,0.14981842041015625,0.01699972152709961,0.1855170726776123
0.14187955856323242,0.1414661407470703,0.016557931900024414,0.19292497634887695
0.04091620445251465,0.009009838104248047,0.004237651824951172,0.07624554634094238
0.12549829483032227,0.006575345993041992,0.0022428035736083984,0.07053136825561523
0.008033990859985352,0.11699819564819336,0.010996818542480469,0.1890876293182373
0.01399993896484375,0.08158421516418457,0.008997440338134766,0.15661144256591797
0.10742330551147461,0.11597156524658203,0.012510061264038086,0.20443415641784668
0.09903478622436523,0.040328264236450195,0.0065097808837890625,0.1437511444091797
0.14336824417114258,0.14817237854003906,0.014509916305541992,0.20329499244689941
0.1361865997314453,0.0035147666931152344,0.0025348663330078125,0.040412187576293945
0.04667067527770996,0.059807538986206055,0.005555629730224609,0.14684557914733887
0.00599980354309082,0.1294708251953125,0.014004707336425781,0.17795920372009277
0.06495189666748047,0.019999265670776367,0.005006313323974609,0.1156928539276123
0.164231538772583,0.07409858703613281,0.009000062942504883,0.19426178932189941
0.08937287330627441,0.008511543273925781,0.004221200942993164,0.08063554763793945
0.1319746971130371,0.10068726539611816,0.009000062942504883,0.18566107749938965
0.0235898494720459,0.13504290580749512,0.012999773025512695,0.21350908279418945
0.15259528160095215,0.03018498420715332,0.006007671356201172,0.13540053367614746
0.01599740982055664,0.008530616760253906,0.0025365352630615234,0.06518006324768066
0.09734916687011719,0.0041103363037109375,0.0030112266540527344,0.05797934532165527
0.1210169792175293,0.12530994415283203,0.013000249862670898,0.16423702239990234
0.009000539779663086,0.16954898834228516,0.011574745178222656,0.20177245140075684
0.0790855884552002,0.10996508598327637,0.012786149978637695,0.2188882827758789
0.014044046401977539,0.11296916007995605,0.005745649337768555,0.19061851501464844
0.012999773025512695,0.049509286880493164,0.00700068473815918,0.13451647758483887
0.02254199981689453,0.052797555923461914,0.0039997100830078125,0.14203190803527832
0.014005899429321289,0.0374143123626709,0.00590968132019043,0.12838983535766602
0.0,0.0,0.0013425350189208984,0.004034757614135742
0.04723072052001953,0.08951330184936523,0.014001607894897461,0.1592257022857666
0.011509180068969727,0.14457011222839355,0.016004085540771484,0.18994617462158203
0.043531179428100586,0.023104429244995117,0.006000041961669922,0.11580157279968262
0.03570222854614258,0.012073278427124023,0.003999948501586914,0.08559417724609375
0.04748678207397461,0.05606651306152344,0.009000301361083984,0.16743779182434082
0.029989957809448242,0.08189535140991211,0.009513616561889648,0.1735539436340332
0.06328821182250977,0.0360410213470459,0.004242420196533203,0.13641810417175293
0.0010018348693847656,0.012017488479614258,0.004410982131958008,0.08960223197937012
0.13765668869018555,0.05393815040588379,0.010524272918701172,0.16451430320739746
0.11720585823059082,0.024421215057373047,0.007042884826660156,0.11962270736694336
0.09666037559509277,0.06837153434753418,0.00700068473815918,0.15921330451965332
0.008175373077392578,0.00827932357788086,0.0020089149475097656,0.07945656776428223
0.00854802131652832,0.15642452239990234,0.016033649444580078,0.19768404960632324
0.07451772689819336,0.09514188766479492,0.010997533798217773,0.18674993515014648
0.0030028820037841797,0.0375211238861084,0.006865501403808594,0.13142871856689453
0.10574674606323242,0.06099987030029297,0.006999492645263672,0.15946292877197266
0.0,0.0029997825622558594,0.0020003318786621094,0.04324674606323242
0.11291384696960449,0.006999969482421875,0.004000425338745117,0.06939244270324707
0.015000581741333008,0.07915425300598145,0.00899958610534668,0.16723847389221191
0.018000125885009766,0.059215545654296875,0.007999658584594727,0.15602850914001465
0.12834477424621582,0.006999969482421875,0.003000020980834961,0.06112051010131836
0.13027071952819824,0.03753781318664551,0.00699925422668457,0.13880610466003418
0.0009999275207519531,0.005000114440917969,0.0030002593994140625,0.05381441116333008
0.12383747100830078,0.0524749755859375,0.008519649505615234,0.14818143844604492
0.13295674324035645,0.0029997825622558594,0.0015218257904052734,0.04304909706115723
0.060517072677612305,0.045217037200927734,0.0067365169525146484,0.15054845809936523
0.08319282531738281,0.004000186920166016,0.0020012855529785156,0.04632973670959473
0.11108613014221191,0.15311169624328613,0.015753984451293945,0.186431884765625
0.10030174255371094,0.0030019283294677734,0.0025811195373535156,0.0402834415435791
0.04871773719787598,0.025851726531982422,0.0060002803802490234,0.12285113334655762
0.13297200202941895,0.10696220397949219,0.011132001876831055,0.1670825481414795
0.07026815414428711,0.07970190048217773,0.010999917984008789,0.19857501983642578
0.0676276683807373,0.003999948501586914,0.003001689910888672,0.04763054847717285
0.007004737854003906,0.11402487754821777,0.008999824523925781,0.18645930290222168
0.14071130752563477,0.07281494140625,0.006998777389526367,0.16112780570983887
0.03461718559265137,0.06309342384338379,0.007510185241699219,0.1573479175567627
0.08041524887084961,0.05408954620361328,0.011632442474365234,0.15222597122192383
0.034531354904174805,0.04605460166931152,0.005597352981567383,0.15140414237976074
0.030448198318481445,0.09467315673828125,0.010194778442382812,0.18297123908996582
0.16741442680358887,0.014246940612792969,0.002986907958984375,0.09238290786743164
0.04160952568054199,0.12973308563232422,0.015038490295410156,0.21766281127929688
0.0696876049041748,0.09129905700683594,0.009537696838378906,0.20413947105407715
0.026000499725341797,0.14233112335205078,0.020142555236816406,0.1772477626800537
0.0035097599029541016,0.09449958801269531,0.007369041442871094,0.18200898170471191
0.028005599975585938,0.11667513847351074,0.013000011444091797,0.1683027744293213
0.01998305320739746,0.14505600929260254,0.01601123809814453,0.18401122093200684
0.0010051727294921875,0.0045545101165771484,0.0019998550415039062,0.05189633369445801
0.015602350234985352,0.1098184585571289,0.020559072494506836,0.24750685691833496
0.011071920394897461,0.02563309669494629,0.0062274932861328125,0.12174010276794434
0.010538578033447266,0.09163379669189453,0.009000539779663086,0.17802834510803223
0.07216763496398926,0.14343643188476562,0.014010429382324219,0.18006563186645508
0.1497209072113037,0.09635758399963379,0.011001348495483398,0.17464232444763184
0.1308000087738037,0.028667211532592773,0.005511045455932617,0.12347888946533203
0.11505246162414551,0.08774995803833008,0.0069997310638427734,0.17419171333312988
0.14717745780944824,0.0862278938293457,0.010013580322265625,0.18005156517028809
0.0,0.001996278762817383,0.0020020008087158203,0.031618595123291016
0.03050994873046875,0.07653665542602539,0.006000041961669922,0.1687912940979004
0.014998912811279297,0.05751466751098633,0.009515523910522461,0.15174174308776855
0.0010063648223876953,0.043093204498291016,0.0039997100830078125,0.14321279525756836
0.015001296997070312,0.08703851699829102,0.007999897003173828,0.16674399375915527
0.09142565727233887,0.11842513084411621,0.01100015640258789,0.18049073219299316
0.0433201789855957,0.11002039909362793,0.009568452835083008,0.1950533390045166
0.07864260673522949,0.13489985466003418,0.01101827621459961,0.20665645599365234
0.04295039176940918,0.03963208198547363,0.006146430969238281,0.14176392555236816
0.0314173698425293,0.005509614944458008,0.0019998550415039062,0.06320810317993164
0.09523272514343262,0.09047174453735352,0.008515357971191406,0.17143869400024414
0.13742494583129883,0.08532404899597168,0.009509801864624023,0.19544720649719238
0.06142401695251465,0.1128225326538086,0.011180639266967773,0.2011857032775879
0.14913010597229004,0.08179354667663574,0.010102510452270508,0.17615866661071777
0.024730682373046875,0.08379673957824707,0.01007843017578125,0.16465449333190918
0.1388382911682129,0.06128811836242676,0.0065233707427978516,0.1469743251800537
0.0009999275207519531,0.01600503921508789,0.002000093460083008,0.0971672534942627
0.013903379440307617,0.039200544357299805,0.006005764007568359,0.12806367874145508
0.13113141059875488,0.06387829780578613,0.006001710891723633,0.15668702125549316
0.002080202102661133,0.023516416549682617,0.0039997100830078125,0.11968326568603516
0.1402604579925537,0.13866686820983887,0.012647390365600586,0.19341111183166504
0.03398418426513672,0.14580845832824707,0.00844573974609375,0.18378996849060059
0.13411331176757812,0.09673738479614258,0.008755207061767578,0.23288869857788086
0.04431271553039551,0.15042853355407715,0.016596317291259766,0.1954488754272461
0.1354658603668213,0.03838181495666504,0.004999876022338867,0.14309310913085938
0.10152554512023926,0.16126012802124023,0.018522262573242188,0.18613553047180176
0.060838937759399414,0.06852865219116211,0.00799560546875,0.16367769241333008
0.12006711959838867,0.17096757888793945,0.012613058090209961,0.22956275939941406
0.1537630558013916,0.010419368743896484,0.0044820308685302734,0.11360526084899902
0.12342977523803711,0.0635824203491211,0.010110616683959961,0.17394518852233887
0.12264347076416016,0.05320620536804199,0.008511066436767578,0.14645028114318848
0.019896268844604492,0.15173578262329102,0.017540454864501953,0.20138859748840332
0.0069980621337890625,0.06105661392211914,0.008001089096069336,0.1635265350341797
0.1450188159942627,0.10748672485351562,0.011000871658325195,0.1694018840789795
0.001005411148071289,0.0,0.0018908977508544922,0.017437219619750977
0.151808500289917,0.0009996891021728516,0.0019998550415039062,0.0145111083984375
0.01601719856262207,0.002001047134399414,0.0019996166229248047,0.03011631965637207
0.14831233024597168,0.016115188598632812,0.004017829895019531,0.09104561805725098
0.16241860389709473,0.0045092105865478516,0.0020143985748291016,0.04814481735229492
0.12147188186645508,0.05521655082702637,0.006999492645263672,0.16392874717712402
0.05399823188781738,0.0019998550415039062,0.0020017623901367188,0.031511545181274414
0.10410690307617188,0.08350658416748047,0.0060007572174072266,0.1797804832458496
0.0334622859954834,0.005000114440917969,0.0029997825622558594,0.05864453315734863
0.05317211151123047,0.1522231101989746,0.01651167869567871,0.20299911499023438
0.017914533615112305,0.003000020980834961,0.002000093460083008,0.04851222038269043
0.05123448371887207,0.08654522895812988,0.009511709213256836,0.1796872615814209
0.03880715370178223,0.13969945907592773,0.011005640029907227,0.17264366149902344
0.0722198486328125,0.1503152847290039,0.018369674682617188,0.19172167778015137
0.009518146514892578,0.07465720176696777,0.009975433349609375,0.17275691032409668
0.13448381423950195,0.01900029182434082,0.0039997100830078125,0.11036515235900879
0.11195540428161621,0.05900144577026367,0.010564565658569336,0.15560102462768555
0.09130454063415527,0.10969352722167969,0.01300048828125,0.2195134162902832
0.1424722671508789,0.08923172950744629,0.009084939956665039,0.17948555946350098
0.0553436279296875,0.13153815269470215,0.013064384460449219,0.2647972106933594
0.1518406867980957,0.15428972244262695,0.01721334457397461,0.19008731842041016
0.019997596740722656,0.005001068115234375,0.003000020980834961,0.0530400276184082
0.08782339096069336,0.016326189041137695,0.00400543212890625,0.09183382987976074
0.11833906173706055,0.02744746208190918,0.005007505416870117,0.11312365531921387
0.13736295700073242,0.029000520706176758,0.005068540573120117,0.11654257774353027
0.1723029613494873,0.010111808776855469,0.004010677337646484,0.09994769096374512
0.060738325119018555,0.13674163818359375,0.010571479797363281,0.1896200180053711
0.18510866165161133,0.07739853858947754,0.010620594024658203,0.23276185989379883
0.026107072830200195,0.14544939994812012,0.0195004940032959,0.19307541847229004
0.10372352600097656,0.09152364730834961,0.0095367431640625,0.17789196968078613
0.08425688743591309,0.13675260543823242,0.015999794006347656,0.1761925220489502
0.06410884857177734,0.10410547256469727,0.012992143630981445,0.17771458625793457
0.05131173133850098,0.1434037685394287,0.014873027801513672,0.18619847297668457
0.019006013870239258,0.0802767276763916,0.00700688362121582,0.1677875518798828
0.12746953964233398,0.12351155281066895,0.01400136947631836,0.18803119659423828
0.1426074504852295,0.04900026321411133,0.008000850677490234,0.1421675682067871
0.13012957572937012,0.08794617652893066,0.010022640228271484,0.17884612083435059
0.1838381290435791,0.018058300018310547,0.0062444210052490234,0.11506366729736328
0.017637014389038086,0.14936470985412598,0.013999462127685547,0.19187426567077637
0.029709815979003906,0.03599977493286133,0.00599980354309082,0.1319887638092041
0.04906964302062988,0.024512767791748047,0.005338430404663086,0.11159825325012207
0.16725802421569824,0.0,0.0030028820037841797,0.007806539535522461
0.13503289222717285,0.03688454627990723,0.0035195350646972656,0.11751055717468262
0.05451631546020508,0.11029696464538574,0.009025812149047852,0.17785096168518066
0.09169149398803711,0.10565590858459473,0.008514642715454102,0.18645644187927246
0.08540821075439453,0.004999399185180664,0.003000020980834961,0.06026649475097656
0.03398323059082031,0.046488285064697266,0.007016897201538086,0.14374637603759766
0.03208327293395996,0.05414438247680664,0.007676362991333008,0.16155719757080078
0.010955095291137695,0.013005733489990234,0.0070002079010009766,0.08834695816040039
0.007507801055908203,0.010006189346313477,0.003999948501586914,0.08109641075134277
0.11796903610229492,0.07509994506835938,0.0065310001373291016,0.17326021194458008
0.10250115394592285,0.12055540084838867,0.012986183166503906,0.20418262481689453
0.07215523719787598,0.027981281280517578,0.006044149398803711,0.12474775314331055
0.16039800643920898,0.13586163520812988,0.011107206344604492,0.1794567108154297
0.005000114440917969,0.006004810333251953,0.003000020980834961,0.06403326988220215
0.0070307254791259766,0.0055103302001953125,0.0030469894409179688,0.06529736518859863
0.05179738998413086,0.15069961547851562,0.01395726203918457,0.18881559371948242
0.12620306015014648,0.051409244537353516,0.00882863998413086,0.14586377143859863
0.07617831230163574,0.1705782413482666,0.018674135208129883,0.20041418075561523
0.0817422866821289,0.13575315475463867,0.012063741683959961,0.18880152702331543
0.013999700546264648,0.018735647201538086,0.0030057430267333984,0.11473846435546875
0.017000198364257812,0.12887930870056152,0.010053396224975586,0.1988353729248047
0.1193702220916748,0.1530609130859375,0.015594959259033203,0.18587613105773926
0.14923548698425293,0.011999368667602539,0.005000114440917969,0.07742428779602051
0.0029997825622558594,0.09824347496032715,0.01251220703125,0.18439269065856934
0.1372077465057373,0.10260701179504395,0.009883642196655273,0.17603611946105957
0.0040018558502197266,0.023943424224853516,0.005000114440917969,0.125518798828125
0.14597129821777344,0.0060002803802490234,0.0029997825622558594,0.05714845657348633
0.004999399185180664,0.04734301567077637,0.006119966506958008,0.14461135864257812
0.12235522270202637,0.08089160919189453,0.007999658584594727,0.17368268966674805
0.14322829246520996,0.0009999275207519531,0.0009999275207519531,0.00599980354309082
0.10428714752197266,0.14133477210998535,0.016302108764648438,0.17667150497436523
0.06951117515563965,0.0020003318786621094,0.0019998550415039062,0.023520946502685547
0.0009970664978027344,0.12213253974914551,0.012006282806396484,0.20444202423095703
0.03335094451904297,0.01673269271850586,0.004005908966064453,0.09452557563781738
0.07673120498657227,0.10581254959106445,0.01170039176940918,0.16108298301696777
0.02362823486328125,0.11273503303527832,0.011164188385009766,0.1767902374267578
0.05333399772644043,0.14729952812194824,0.01653742790222168,0.1817798614501953
0.03561115264892578,0.07045960426330566,0.007000923156738281,0.16596150398254395
0.04350686073303223,0.09000802040100098,0.007001399993896484,0.18002629280090332
0.10827302932739258,0.09985494613647461,0.013865470886230469,0.17311835289001465
0.014015674591064453,0.0779411792755127,0.012000083923339844,0.1757807731628418
0.03066086769104004,0.02451014518737793,0.004999876022338867,0.1241452693939209
0.058145761489868164,0.11473393440246582,0.011507749557495117,0.170853853225708
0.07177901268005371,0.004681587219238281,0.0020630359649658203,0.0491642951965332
0.03802680969238281,0.08622026443481445,0.007084846496582031,0.17082977294921875
0.03458213806152344,0.007508754730224609,0.0025293827056884766,0.07155871391296387
0.10222482681274414,0.03351092338562012,0.005510091781616211,0.1366569995880127
0.06012392044067383,0.1204075813293457,0.010508298873901367,0.18712449073791504
0.15108132362365723,0.060004234313964844,0.009506940841674805,0.16033363342285156
0.10310173034667969,0.15173721313476562,0.01551055908203125,0.1710517406463623
0.08204936981201172,0.15543532371520996,0.0187532901763916,0.180816650390625
0.06634283065795898,0.07242250442504883,0.006511688232421875,0.17239952087402344
0.027143239974975586,0.03299999237060547,0.0069997310638427734,0.1356353759765625
0.01817011833190918,0.007002592086791992,0.0030570030212402344,0.06818985939025879
0.11470484733581543,0.021478891372680664,0.004999876022338867,0.11065793037414551
0.06406545639038086,0.13556671142578125,0.013997793197631836,0.2031688690185547
0.1298520565032959,0.0827176570892334,0.013905525207519531,0.17908024787902832
0.13503694534301758,0.0069980621337890625,0.003360271453857422,0.06722116470336914
0.004136800765991211,0.11379265785217285,0.013058900833129883,0.18961215019226074
0.09105706214904785,0.11745977401733398,0.011888265609741211,0.17390227317810059
0.08963775634765625,0.06438922882080078,0.009024858474731445,0.15749740600585938
0.10726308822631836,0.029911518096923828,0.0050013065338134766,0.12544775009155273
0.03731822967529297,0.02654266357421875,0.005559444427490234,0.1728076934814453
0.07510948181152344,0.00099945068359375,0.003511667251586914,0.03153181076049805
0.0010004043579101562,0.031705379486083984,0.005687236785888672,0.13189911842346191
0.1254277229309082,0.03059673309326172,0.007083892822265625,0.12450814247131348
0.1307542324066162,0.05294513702392578,0.007514476776123047,0.1663343906402588
0.09111833572387695,0.14721465110778809,0.01555323600769043,0.1867363452911377
0.12045001983642578,0.08838748931884766,0.009519100189208984,0.18015813827514648
0.12710309028625488,0.008521795272827148,0.0060884952545166016,0.08154869079589844
0.12774395942687988,0.13543200492858887,0.01051640510559082,0.18482661247253418
0.10836529731750488,0.1336994171142578,0.009510993957519531,0.17271852493286133
0.01251530647277832,0.05649304389953613,0.007006645202636719,0.16210389137268066
0.09452557563781738,0.03453326225280762,0.007000923156738281,0.12197494506835938
0.0567474365234375,0.12754344940185547,0.01451563835144043,0.18023943901062012
0.06541919708251953,0.14546895027160645,0.01602315902709961,0.17246389389038086
0.07687067985534668,0.15207219123840332,0.01791548728942871,0.16997337341308594
0.10972952842712402,0.08252501487731934,0.010965585708618164,0.17011809349060059
0.09855937957763672,0.06845712661743164,0.0065364837646484375,0.18101072311401367
0.0983576774597168,0.01027822494506836,0.004452943801879883,0.09636211395263672
0.06882071495056152,0.013020515441894531,0.003512144088745117,0.08843278884887695
0.13437271118164062,0.012842178344726562,0.004006862640380859,0.08246326446533203
0.08674931526184082,0.06456756591796875,0.004999637603759766,0.16025233268737793
0.001996755599975586,0.14622926712036133,0.02556586265563965,0.26781582832336426
0.15370464324951172,0.11243033409118652,0.012514591217041016,0.1793351173400879
0.06057620048522949,0.08872127532958984,0.009524106979370117,0.17964553833007812
0.08359336853027344,0.06206965446472168,0.007013559341430664,0.1589221954345703
0.08468270301818848,0.025537967681884766,0.005516767501831055,0.11541342735290527
0.04405665397644043,0.020017147064208984,0.006010532379150391,0.11172032356262207
0.008554458618164062,0.10721731185913086,0.011539459228515625,0.1723639965057373
0.08821725845336914,0.13543415069580078,0.013646841049194336,0.1724104881286621
0.04753255844116211,0.1464214324951172,0.013224363327026367,0.17318367958068848
0.15154528617858887,0.0010025501251220703,0.002000093460083008,0.016025304794311523
0.14154839515686035,0.1477804183959961,0.017592668533325195,0.20848846435546875
0.04719686508178711,0.08009648323059082,0.008152484893798828,0.14441871643066406
0.09314632415771484,0.024774789810180664,0.0037162303924560547,0.10936903953552246
0.1327354907989502,0.14505982398986816,0.015720129013061523,0.1803574562072754
0.03453969955444336,0.04300403594970703,0.0054700374603271484,0.14206910133361816
0.15024685859680176,0.13877248764038086,0.014513015747070312,0.22364377975463867
0.004004001617431641,0.0009999275207519531,0.002003192901611328,0.01911139488220215
0.09984588623046875,0.06357455253601074,0.00700068473815918,0.15969419479370117
0.13037729263305664,0.14164519309997559,0.01683974266052246,0.18833208084106445
0.014896631240844727,0.06972098350524902,0.00722193717956543,0.1771717071533203
0.09331011772155762,0.05912590026855469,0.00643610954284668,0.17572712898254395
0.11812663078308105,0.038877010345458984,0.005339622497558594,0.1325514316558838
0.07061171531677246,0.014734268188476562,0.0040166378021240234,0.09501099586486816
0.1259610652923584,0.12397909164428711,0.010899543762207031,0.17867040634155273
0.12417411804199219,0.06663322448730469,0.009041786193847656,0.16307854652404785
0.11179089546203613,0.04156851768493652,0.004510164260864258,0.13934564590454102
0.0050051212310791016,0.1430070400238037,0.010911941528320312,0.20297598838806152
0.05677342414855957,0.11695003509521484,0.013653993606567383,0.18316078186035156
0.11022591590881348,0.007030487060546875,0.004010677337646484,0.06650304794311523
0.07431864738464355,0.011513948440551758,0.003000497817993164,0.08586287498474121
0.11543464660644531,0.004967212677001953,0.002546548843383789,0.06357216835021973
0.05860280990600586,0.131758451461792,0.013029336929321289,0.17200565338134766
0.0010068416595458984,0.061560869216918945,0.00851893424987793,0.14368748664855957
0.03154897689819336,0.12166070938110352,0.010514259338378906,0.17772889137268066
0.0976252555847168,0.14212894439697266,0.0165402889251709,0.1861269474029541
0.056588172912597656,0.07496261596679688,0.007599592208862305,0.16642546653747559
0.005512714385986328,0.0019998550415039062,0.0020036697387695312,0.02463841438293457
0.005522727966308594,0.004001140594482422,0.0030012130737304688,0.04673433303833008
0.10665154457092285,0.05304574966430664,0.006510734558105469,0.1570425033569336
0.0856163501739502,0.11865687370300293,0.009011030197143555,0.17530417442321777
0.031113624572753906,0.1578688621520996,0.018697738647460938,0.1802690029144287
0.03353691101074219,0.0946204662322998,0.010514020919799805,0.16878342628479004
0.004004478454589844,0.003999233245849609,0.0025053024291992188,0.04806113243103027
0.01418304443359375,0.023047924041748047,0.004007577896118164,0.11755537986755371
0.032605648040771484,0.01769423484802246,0.005329608917236328,0.09733009338378906
0.01821136474609375,0.0760345458984375,0.006201982498168945,0.15062451362609863
0.04637718200683594,0.12609219551086426,0.012447118759155273,0.1818528175354004
0.046999216079711914,0.0726008415222168,0.00952005386352539,0.16805243492126465
0.03333735466003418,0.047750234603881836,0.00651860237121582,0.1411285400390625
0.05184030532836914,0.016086339950561523,0.00477147102355957,0.10046052932739258
0.01403188705444336,0.003538370132446289,0.0030028820037841797,0.04032158851623535
0.09815025329589844,0.03012871742248535,0.00451207160949707,0.12294554710388184
0.07590389251708984,0.12371635437011719,0.012740135192871094,0.17479896545410156
0.03922677040100098,0.018064498901367188,0.004998207092285156,0.10054683685302734
0.0862436294555664,0.08677530288696289,0.008761167526245117,0.17511439323425293
0.1297774314880371,0.14185500144958496,0.015503406524658203,0.17994952201843262
0.0,0.0,0.0019991397857666016,0.0
0.05203104019165039,0.09852981567382812,0.01151275634765625,0.17143726348876953
0.06907200813293457,0.03503680229187012,0.00553441047668457,0.1341712474822998
0.10842561721801758,0.04948878288269043,0.007942438125610352,0.15262413024902344
0.1141366958618164,0.12712550163269043,0.012068510055541992,0.20520424842834473
0.025536775588989258,0.08096098899841309,0.008519172668457031,0.1907196044921875
0.17772579193115234,0.0,0.002002716064453125,0.0031261444091796875
0.12714791297912598,0.03431510925292969,0.00600123405456543,0.13226532936096191
0.0,0.008506536483764648,0.0020012855529785156,0.09695911407470703
0.04174685478210449,0.15166282653808594,0.017024517059326172,0.1870276927947998
0.1326007843017578,0.027155399322509766,0.0035202503204345703,0.12314987182617188
0.04684591293334961,0.14681696891784668,0.01751422882080078,0.19126558303833008
0.03292393684387207,0.11513352394104004,0.01302790641784668,0.17038822174072266
0.08967399597167969,0.014535188674926758,0.004999637603759766,0.09159064292907715
0.03815484046936035,0.14963769912719727,0.023553133010864258,0.17441606521606445
0.11003851890563965,0.17235279083251953,0.014023065567016602,0.1910712718963623
0.03283286094665527,0.06651043891906738,0.010083198547363281,0.16552186012268066
0.007536172866821289,0.12965774536132812,0.011786699295043945,0.17899394035339355
0.14829397201538086,0.01663351058959961,0.005016326904296875,0.09833168983459473
0.13683152198791504,0.0070056915283203125,0.0019998550415039062,0.06697916984558105
0.12473773956298828,0.12609267234802246,0.013808727264404297,0.16893362998962402
0.0,0.0,0.0010051727294921875,0.0019998550415039062
